Identifier,Part Name/Number OR File Location,Source,Qty.,Cost Per,Material
,,,,,
Optics,,,,,
Filter Cube,CM1-DCH,Thorlabs,1,205.91,
Dichroic Mirror,"500nm, 25.2 x 35.6mm, Dichroic Longpass Filter (cat 69-899)",Edmund Optics,1,192,
Double Male C-Mount Adapter,C-Mount Double Male Rotating Ring (cat 53-865),Edmund Optics,1,77.5,
SM05 to C-Mount Adapter,SM05A2,Thorlabs,1,24.65,
SM05 Lens Barrel w/ Retaining Ring,SM05L03,Thorlabs,1,15.96,
C-Mount Lens Barrel,CML40,Thorlabs,1,31.79,
Collimator,"Collimator Lens Diameter 12.5 mm, Molded glass NA 0.63 w/ SMA Connector (cat 70-920)",Edmund Optics,1,260,
SM1 to C-Mount Adapter,SM1A9,Thorlabs,1,22.88,
C-Mount to SM1 Adapter,SM1A10,Thorlabs,1,23.82,
4x Microscope Objective,4X Nikon Achromatic Finite Conjugate Objective (cat 59-934),Edmund Optics,1,83,
10x Microscope Objective,10X Nikon Achromatic Finite Conjugate Objective (cat 59-935),Edmund Optics,1,123,
20x Microscope Objective,20x Long Working Distance LM Plan Achromatic Metallurgical Microscope Objective Lens,Boli Optics,1,228.98,
SM1 Lens tube w/ Retaining Ring,SM1L20,Thorlabs,1,19.1,
GFP Excitation Filter,ET480/30x (25mm Circle Size),Chroma Technologies,1,365,
GFP Emission Filter,ET525/50m (12.5mm Circle Size),Chroma Technologies,1,365,
SM1 Cap,SM1CP2,Thorlabs,1,22.13,
15mm C-Mount Lens Tube,CML15,Thorlabs,1,22.93,
C-Mount to RMS Adapter,RMSA5,Thorlabs,1,23.68,
USB Camera,Allied Vision Alvium 1800U-319m Right Angle (cat 23-204),Edmund Optics,1,604.95,
USB Camera Cable,"AVT Type-A to Micro-B, USB 3.0 Locking Cable, 3m (cat 14-903)",Edmund Optics,1,123,